Name,zcr,flt,lds,alds,strpk,nrg,cntr,flu,rof,entr,danc,bpm,tufre,ptch,tmpo,edmk,edm,mfcc1,mfcc2,mfcc3,mfcc4,mfcc5,gen
Bob Marley - Rat Race (Audio).wav,0.0617295466363,0.205293282866,-17.2777633667,0.835412323475,0.92542797327,0.0300697237253,1216.19543457,0.078799918294,1731.45007324,7.20694446564,1.33536851406,151.507858276,431.443084717,0.454955488443,152.02702702702703,C,minor,-740.999450684,131.02192688,3.27649784088,21.0827598572,6.06973266602,Reggae
Rat In Mi Kitchen.wav,0.0736252442002,0.151204451919,-15.7732820511,0.944316148758,0.621422231197,0.0282345600426,1602.75317383,0.0742962062359,1843.48156738,7.54162931442,1.35808575153,90.7911376953,443.316436768,0.524633646011,90.7258064516129,E,major,-682.550292969,98.5854644775,-1.49217116833,29.9929847717,13.5400943756,Reggae
Lucy In The Sky With Diamonds (Remastered 2009).wav,0.0727610290051,0.136915385723,-12.5454435349,0.676408410072,1.28148388863,0.0176742821932,1857.9354248,0.0533171370625,2102.61816406,7.50896263123,1.09114289284,136.829910278,436.204162598,0.503838717937,95.33898305084746,D,major,-670.948608398,99.8158493042,-19.9895362854,32.0087165833,10.1326341629,Rock
