Name,zcr,flt,lds,alds,strpk,nrg,cntr,flu,rof,entr,danc,bpm,tufre,ptch,tmpo,edmk,edm,mfcc1,mfcc2,mfcc3,mfcc4,mfcc5
Fabricando Fantasias - Tito Nieves (video oficial) HD [1080p]-GhciBgYbA74-recortado.wav,0.04802079498767853,0.17102031409740448,-16.622264862060547,0.9752465486526489,1.2555265426635742,0.02808912843465805,1175.68212890625,0.09099306911230087,1223.7684326171875,7.24978494644165,1.5170068740844727,83.36935424804688,454.4653015136719,0.5297951698303223,122.28260869565217,G,major,-644.35474,136.24327,-11.096717,21.967054,-1.3113707
Fortunate Youth -  Burn One  (Live Acoustic) _ Sugarshack Sessions-P6IpK3WzTpo-recortado.wav,0.054389260709285736,0.16864648461341858,-10.067444801330566,0.9830732345581055,0.7163995504379272,0.043196894228458405,1364.3868408203125,0.10734540969133377,1253.804443359375,7.355564594268799,1.8722681999206543,137.65577697753906,454.99066162109375,0.4925439953804016,148.02631578947367,Ab,minor,-638.98615,117.970314,15.336709,39.049038,10.733976
Los de adentro- Una cancion (letra)-4Lgk605aX58-recortado.wav,0.05255265533924103,0.18116536736488342,-10.479068756103516,0.8950847387313843,1.2879620790481567,0.03191136568784714,805.9072875976562,0.07660854607820511,896.6884765625,7.090543746948242,1.1566275358200073,123.72711181640625,434.193115234375,0.4623553454875946,133.92857142857142,Bb,major,-668.2463,127.611694,28.992012,21.930033,8.02853
Richie Ray & Bobby Cruz - Sonido Bestial (Live)-_eVmOyG6ZZQ-recortado.wav,0.04314769431948662,0.16806767880916595,-18.426738739013672,0.6730868816375732,0.5028668642044067,0.018588414415717125,1201.1837158203125,0.05752035230398178,1198.2421875,7.290034770965576,0.9236581325531006,99.47028350830078,434.193115234375,0.5221208930015564,108.17307692307692,B,minor,-700.0745,137.99727,4.26652,23.477045,9.347373
